beat_index,peak_sample,peak_time_s,peak_value,rr_prev_s,rr_next_s,rr_baseline_s,prematurity_index,compensatory_pause_index,qrs_width_ms,qrs_peak_to_peak,qrs_area_abs,qrs_max_slope,template_corr,is_extrasystole_candidate
0,57,0.057,-68.10957639938722,nan,0.598,0.4229999999999947,nan,1.4137115839243675,26.999999999985036,293.68371452629555,5.642627622259336,19955.776316692285,nan,0
1,655,0.655,-26.35274654777059,0.598,0.34599999999999986,0.4229999999999947,1.4137115839243675,0.817966903073296,152.99999999991522,15.691702143765744,0.4615623530985103,1090.9357304547605,0.12520472875254698,0
2,1001,1.001,-150.71783054464518,0.34599999999999986,0.9560000000000002,0.4229999999999947,0.817966903073296,2.2600472813239056,26.999999999985036,323.46267479265754,5.879441514645278,22573.540432818325,0.7111487059001992,0
3,1957,1.957,-135.19148553069314,0.9560000000000002,0.24999999999999978,0.4229999999999947,2.2600472813239056,0.5910165484633638,23.9999999999867,315.4983290773773,5.734023170232773,22209.167347927665,0.7164024263525057,0
4,2207,2.207,-12.981090914691906,0.24999999999999978,0.3080000000000003,0.4229999999999947,0.5910165484633638,0.7281323877068655,70.99999999996065,42.58660384206336,1.4996736987378951,1745.184751928094,0.14499808770122402,0
5,2515,2.515,-9.229127802367314,0.3080000000000003,0.3969999999999998,0.4229999999999947,0.7281323877068655,0.9385342789598221,156.999999999913,15.896795108461397,0.4053242925926362,722.4368796736431,0.02125252043110493,0
6,2912,2.912,-142.16235110101212,0.3969999999999998,0.5680000000000001,0.4229999999999947,0.9385342789598221,1.3427895981087639,48.99999999997284,279.27167411282386,5.581891133278702,19333.96190659681,0.7947346285978487,0
7,3480,3.48,-5.965666228433835,0.5680000000000001,0.3599999999999999,0.4229999999999947,1.3427895981087639,0.8510638297872444,29.999999999983373,16.780822462819852,0.48206499156729093,878.6286575188637,0.0018521674610733217,0
8,3840,3.84,-141.57565169860513,0.3599999999999999,0.524,0.4229999999999947,0.8510638297872444,1.2387706855792118,83.99999999995345,292.2114896904238,5.488999761022844,20381.25559714485,0.7987496134911686,0
9,4364,4.364,-9.986693439848798,0.524,0.4370000000000003,0.4229999999999947,1.2387706855792118,1.0330969267139616,20.99999999998836,15.237973751456181,0.4767199010869269,1134.912233821389,0.13204989096320782,0
10,4801,4.801,-132.12953000204226,0.4370000000000003,0.6390000000000002,0.4229999999999947,1.0330969267139616,1.5106382978723598,24.999999999986144,301.6415798265425,5.50251519030761,21106.17885467863,0.7328771504301516,0
11,5440,5.44,-10.072233541239267,0.6390000000000002,0.32399999999999984,0.4229999999999947,1.5106382978723598,0.7659574468085198,99.99999999994458,13.569850293661762,0.31183886955627527,691.8727653848762,0.05170955752255815,0
12,5764,5.764,-147.47267616699833,0.32399999999999984,0.9329999999999998,0.4229999999999947,0.7659574468085198,2.2056737588652755,35.99999999998005,293.59355817607394,5.366883003206807,20757.8020401215,0.793011187432133,0
13,6697,6.697,-137.28235770954552,0.9329999999999998,0.5889999999999995,0.4229999999999947,2.2056737588652755,1.3924349881796854,35.99999999998005,295.6907199738607,5.488261284251681,20378.122887355865,0.7373234338388028,0
14,7286,7.286,-16.92013780755968,0.5889999999999995,0.37400000000000055,0.4229999999999947,1.3924349881796854,0.8841607565011944,206.9999999998853,15.762538193403953,0.3526862014519156,626.7726808089825,0.09549976328003161,0
15,7660,7.66,-140.73378602997252,0.37400000000000055,0.7059999999999995,0.4229999999999947,0.8841607565011944,1.6690307328605398,25.99999999998559,321.87221635194,5.790410489844706,22554.717193579523,0.7115308591405765,0
16,8366,8.366,-5.431909509576526,0.7059999999999995,0.2569999999999997,0.4229999999999947,1.6690307328605398,0.6075650118203378,203.99999999988694,13.975983590749097,0.42650002931770575,1217.1899163324888,-0.017915797227214904,0
17,8623,8.623,-141.9854894433183,0.2569999999999997,0.25,0.4229999999999947,0.6075650118203378,0.5910165484633644,23.9999999999867,311.1514802985919,5.651288715869955,21737.193262632918,0.7444143730378118,0
18,8873,8.873,-10.328927550232653,0.25,0.31700000000000017,0.4229999999999947,0.5910165484633644,0.7494089834515464,97.99999999994569,32.93728078177012,1.107081455810932,1366.9235673882993,0.04690258900505961,0
19,9190,9.19,-4.831599434293694,0.31700000000000017,0.38700000000000045,0.4229999999999947,0.7494089834515464,0.9148936170212891,23.9999999999867,11.872618241954997,0.2914313681092488,951.513529055154,-0.01660739368902575,0
20,9577,9.577,-147.0800930844752,0.38700000000000045,0.36299999999999955,0.4229999999999947,0.9148936170212891,0.858156028368804,38.999999999978385,286.1769553119285,5.443011331628689,19836.366403596825,0.8253042780447731,0
21,9940,9.94,-6.529397515487181,0.36299999999999955,0.2550000000000008,0.4229999999999947,0.858156028368804,0.6028368794326335,88.99999999995067,34.44237363079044,0.8541309547591489,1267.4307007813018,-0.06856724465857755,0
22,10195,10.195,-8.39987027923453,0.2550000000000008,0.31700000000000017,0.4229999999999947,0.6028368794326335,0.7494089834515464,23.9999999999867,12.305349531729334,0.3130674173122242,903.8235792120716,0.025187461007827792,0
23,10512,10.512,-149.8685920323807,0.31700000000000017,0.40000000000000036,0.4229999999999947,0.7494089834515464,0.9456264775413838,59.99999999996675,303.91927405944625,6.145228362358955,21036.139975240276,0.7940757414440414,0
24,10912,10.912,-6.6229669940911435,0.40000000000000036,0.2569999999999997,0.4229999999999947,0.9456264775413838,0.6075650118203378,163.9999999999091,18.202357627583353,0.46335229575632664,970.6114500318567,0.06477440459849532,0
25,11169,11.169,-10.229231728874653,0.2569999999999997,0.30100000000000016,0.4229999999999947,0.6075650118203378,0.711583924349891,50.999999999971735,16.07850301593276,0.45664431443054176,1248.886360777079,0.04714536345076008,0
26,11470,11.47,-144.59297905471755,0.30100000000000016,0.37599999999999945,0.4229999999999947,0.711583924349891,0.8888888888888987,24.999999999986144,317.8478272030875,5.953427577156963,21843.72715374757,0.7493283088814976,0
27,11846,11.846,-6.741629105405153,0.37599999999999945,0.548,0.4229999999999947,0.8888888888888987,1.2955082742316948,11.99999999999335,27.597194051647403,0.7063478435708014,991.5610840114286,-0.03020254580895047,0
28,12394,12.394,-136.72574823341245,0.548,0.577,0.4229999999999947,1.2955082742316948,1.3640661938534449,24.999999999986144,309.9625121611561,5.669572119537856,21875.973089223404,0.6989538179428202,0
29,12971,12.971,-8.233118111747821,0.577,0.30400000000000027,0.4229999999999947,1.3640661938534449,0.7186761229314517,76.99999999995732,17.457697531354967,0.4539396597841668,1441.9924318999256,0.06634721193629058,0
30,13275,13.275,-146.06253174341273,0.30400000000000027,0.641,0.4229999999999947,0.7186761229314517,1.5153664302600662,39.99999999997783,285.26019375983867,5.65154192472122,19786.096184640446,0.813220313419238,0
31,13916,13.916,-10.40976105452067,0.641,0.27699999999999925,0.4229999999999947,1.5153664302600662,0.6548463356974059,213.9999999998814,8.855003176662693,0.22596665443663966,708.550974511443,-0.006207535847457674,0
32,14193,14.193,-147.65972883637502,0.27699999999999925,0.42400000000000126,0.4229999999999947,0.6548463356974059,1.0023640661938689,25.99999999998559,316.45674887505766,5.702866216261032,22224.223590102236,0.7363819327755652,0
33,14617,14.617,-181.24841902113988,0.42400000000000126,0.42299999999999827,0.4229999999999947,1.0023640661938689,1.0000000000000084,154.9999999999141,237.09095997396525,7.95457640599561,10532.300886392348,0.5102569355738049,0
34,15040,15.04,-62.02985031198538,0.42299999999999827,0.9060000000000006,0.4229999999999947,1.0000000000000084,2.141843971631234,200.99999999988862,24.26766159254406,0.7782434007350867,1002.0741123269954,0.5016185213678507,0
35,15946,15.946,-141.90270107877984,0.9060000000000006,0.5320000000000018,0.4229999999999947,2.141843971631234,1.2576832151300437,24.999999999986144,306.6071430390132,5.947033310970989,21028.581960337626,0.7396207134339656,0
36,16478,16.478,-6.280150036551738,0.5320000000000018,0.3559999999999981,0.4229999999999947,1.2576832151300437,0.8416075650118263,158.9999999999119,21.645131263815898,0.4006878205457917,824.306137986508,-0.00927913578346999,0
37,16834,16.834,-150.40564462160677,0.3559999999999981,0.6359999999999992,0.4229999999999947,0.8416075650118263,1.5035460992907972,66.99999999996287,293.10121240163113,5.660863938296271,20484.40255024783,0.8206409001274344,0
38,17470,17.47,-8.569832793163481,0.6359999999999992,0.2640000000000029,0.4229999999999947,1.5035460992907972,0.6241134751773196,208.99999999988418,11.965522508647942,0.3901105754018706,539.9011790128146,-0.0022338586829052424,0
39,17734,17.734,-137.10581026943368,0.2640000000000029,0.4259999999999984,0.4229999999999947,0.6241134751773196,1.007092198581569,24.999999999986144,313.5258416678523,5.718027207744414,21951.7117996941,0.7038479758195242,0
40,18160,18.16,-197.42459169109227,0.4259999999999984,0.402000000000001,0.4229999999999947,1.007092198581569,0.9503546099290923,152.99999999991522,238.3341385957242,7.704738049699565,9589.209442547542,0.5494003391483394,0
41,18562,18.562,-58.99858499933557,0.402000000000001,0.3279999999999994,0.4229999999999947,0.9503546099290923,0.7754137115839326,177.99999999990135,38.20877467955276,0.9152549271360189,1557.7366684234626,0.48922111866784246,0
42,18890,18.89,-14.962955330272521,0.3279999999999994,0.5689999999999991,0.4229999999999947,0.7754137115839326,1.345153664302615,58.9999999999673,17.301683019886894,0.570606745770168,1370.734416394756,0.1965471017480578,0
43,19459,19.459,-141.0757820223876,0.5689999999999991,0.8629999999999995,0.4229999999999947,1.345153664302615,2.040189125295533,42.99999999997617,302.15890240191965,5.609667002570304,20961.12942095351,0.7169490171633885,0
44,20322,20.322,-146.12003359769125,0.8629999999999995,0.5350000000000001,0.4229999999999947,2.040189125295533,1.2647754137116,36.999999999979494,286.9274358962373,5.673836519695158,20143.08835572243,0.8205992395803352,0
45,20857,20.857,-5.9912217790576925,0.5350000000000001,0.3670000000000009,0.4229999999999947,1.2647754137116,0.867612293144221,89.99999999995012,7.7535384279495005,0.25424239039390134,662.4147403130346,0.03316376676719251,0
46,21224,21.224,-147.06122166021234,0.3670000000000009,0.41499999999999915,0.4229999999999947,0.867612293144221,0.9810874704491829,26.999999999985036,326.9322721160804,6.192377916591326,22702.587495453718,0.7157767835796885,0
47,21639,21.639,-3.7524092840478915,0.41499999999999915,0.5180000000000007,0.4229999999999947,0.9810874704491829,1.2245862884160925,147.99999999991797,27.403832254475216,0.6969763918638783,1215.0012528689037,0.052394680681009234,0
48,22157,22.157,-160.12905808705906,0.5180000000000007,0.5629999999999988,0.4229999999999947,1.2245862884160925,1.3309692671394937,81.99999999995455,307.74693719085496,5.649385750340157,21227.091208206853,0.8150599157587607,0
49,22720,22.72,-7.448631826660036,0.5629999999999988,0.3990000000000009,0.4229999999999947,1.3309692671394937,0.9432624113475316,87.99999999995123,16.16571565195706,0.49501196310775514,1112.01686311599,0.030454391271532717,0
50,23119,23.119,-157.05577240117893,0.3990000000000009,0.2510000000000012,0.4229999999999947,0.9432624113475316,0.5933806146572207,43.999999999975614,294.6977860203135,5.605852488206295,20451.487012944235,0.8171828001887126,0
51,23370,23.37,-22.77171898902118,0.2510000000000012,0.7070000000000007,0.4229999999999947,0.5933806146572207,1.6713947990543963,71.9999999999601,31.68208417630214,1.141614419442939,1889.5119637158873,0.2415749751982104,0
52,24077,24.077,-167.33508119672967,0.7070000000000007,0.4399999999999977,0.4229999999999947,1.6713947990543963,1.040189125295516,87.99999999995123,313.720246759589,5.837307183473411,21735.21219771115,0.827483428750976,0
53,24517,24.517,-198.13882252638226,0.4399999999999977,0.375,0.4229999999999947,1.040189125295516,0.8865248226950465,151.99999999991576,247.08882952340235,7.755127523221523,10830.702565151372,0.5869824673829562,0
54,24892,24.892,-49.8837348519231,0.375,0.26000000000000156,0.4229999999999947,0.8865248226950465,0.6146572104019026,209.9999999998836,28.204606915993867,1.1002200536410687,1729.4435192517803,0.570162313994184,0
55,25152,25.152,-8.319962425752134,0.26000000000000156,0.3509999999999991,0.4229999999999947,0.6146572104019026,0.8297872340425614,131.99999999992684,13.514191856264294,0.32276385655244133,1125.7471474511965,-0.0699370704646551,0
56,25503,25.503,-9.277162858437896,0.3509999999999991,0.3930000000000007,0.4229999999999947,0.8297872340425614,0.9290780141844104,63.99999999996453,13.585428557246235,0.48563454379948057,847.7830212173384,0.025835722382283332,0
57,25896,25.896,-150.56634541854513,0.3930000000000007,0.6729999999999983,0.4229999999999947,0.9290780141844104,1.5910165484633727,24.999999999986144,341.45026148300246,6.303983817134223,23583.046901157755,0.7180534814639191,0
58,26569,26.569,-12.850383139893943,0.6729999999999983,0.2870000000000026,0.4229999999999947,1.5910165484633727,0.6784869976359484,213.9999999998814,13.375231948695111,0.34502580898753554,812.9468346984708,-0.006681579646170976,0
59,26856,26.856,-154.85996534895727,0.2870000000000026,0.3689999999999998,0.4229999999999947,0.6784869976359484,0.8723404255319253,45.999999999974506,290.9154281098565,5.8713512795129,19831.008525147863,0.8359911969968002,0
60,27225,27.225,-3.8213706814329567,0.3689999999999998,0.570999999999998,0.4229999999999947,0.8723404255319253,1.3498817966903194,21.999999999987807,32.67947332060971,0.7775141923246843,1178.584727666784,-0.1451186068542903,0
61,27796,27.796,-136.50001307260027,0.570999999999998,0.5010000000000012,0.4229999999999947,1.3498817966903194,1.184397163120585,26.999999999985036,320.81262923953744,5.8428290987752804,22429.247516780015,0.6875552605012604,0
62,28297,28.297,-13.575844107246663,0.5010000000000012,0.4469999999999992,0.4229999999999947,1.184397163120585,1.0567375886524935,100.99999999994402,18.7979449700957,0.4168764620514696,930.0746283416264,0.29755460567626946,0
63,28744,28.744,-144.24931102829032,0.4469999999999992,0.2510000000000012,0.4229999999999947,1.0567375886524935,0.5933806146572207,24.999999999986144,315.8148533674813,5.878355339942336,22241.38881236638,0.7480501443077765,0
64,28995,28.995,-7.885361472062664,0.2510000000000012,0.6920000000000002,0.4229999999999947,0.5933806146572207,1.635933806146593,75.99999999995788,30.307289479740994,1.071690968573299,1268.3623851046807,0.06062878541825109,0
65,29687,29.687,-147.5325743665935,0.6920000000000002,0.5789999999999971,0.4229999999999947,1.635933806146593,1.3687943262411448,35.99999999998005,291.0905273660694,5.633396266512289,20144.221365922498,0.8062933439781125,0
66,30266,30.266,-6.100553656629028,0.5789999999999971,0.33800000000000097,0.4229999999999947,1.3687943262411448,0.7990543735224709,129.99999999992795,14.413681425371905,0.3730087059870994,465.4036834936334,0.058505909104222716,0
67,30604,30.604,-135.15841823534942,0.33800000000000097,0.5429999999999993,0.4229999999999947,0.7990543735224709,1.2836879432624257,25.99999999998559,295.26284241011365,5.494788273906504,20150.15072792707,0.7302214834145975,0
68,31147,31.147,-12.253789035916748,0.5429999999999993,0.39800000000000324,0.4229999999999947,1.2836879432624257,0.9408983451536838,144.99999999991965,14.121752011339268,0.4096428326291456,740.3446173002699,0.06208979922978188,0
69,31545,31.545,-146.64732970949143,0.39800000000000324,0.3689999999999998,0.4229999999999947,0.9408983451536838,0.8723404255319253,25.99999999998559,339.71891091624855,6.340767409944766,23550.854444182525,0.6970592793633184,0
70,31914,31.914,-11.696751052022037,0.3689999999999998,0.5760000000000005,0.4229999999999947,0.8723404255319253,1.3617021276595926,92.99999999994846,28.780351648969614,0.763923795345036,1079.255155418529,0.07559721427221326,0
71,32490,32.49,-143.2969783966225,0.5760000000000005,0.5479999999999947,0.4229999999999947,1.3617021276595926,1.2955082742316821,23.9999999999867,313.71869389658286,5.803411884547562,21851.138615876305,0.7649521909783756,0
72,33038,33.038,-17.65599562642795,0.5479999999999947,0.3860000000000028,0.4229999999999947,1.2955082742316821,0.9125295508274411,211.9999999998825,15.212073361425773,0.5012812160297949,858.1576615814614,0.06023627348271393,0
73,33424,33.424,-145.3223093434995,0.3860000000000028,0.5579999999999998,0.4229999999999947,0.9125295508274411,1.3191489361702289,49.99999999997229,288.2505885366255,5.523251793523878,20131.30098220203,0.8231801578878786,0
74,33982,33.982,-11.753908016206992,0.5579999999999998,0.35999999999999943,0.4229999999999947,1.3191489361702289,0.8510638297872434,160.99999999991078,20.412417449625323,0.5369591698902282,953.3148932440413,0.04533661764549281,0
75,34342,34.342,-148.7320111083839,0.35999999999999943,0.41900000000000404,0.4229999999999947,0.8510638297872434,0.9905437352246083,36.999999999979494,312.1829974154531,5.717773906609616,21666.004683672218,0.780218109075868,0
76,34761,34.761,-9.179473777788036,0.41900000000000404,0.5259999999999962,0.4229999999999947,0.9905437352246083,1.2434988179669098,173.99999999990357,13.108873533146369,0.316453924128203,789.7181575569182,0.2149804519720759,0
77,35287,35.287,-148.02016599840135,0.5259999999999962,0.39800000000000324,0.4229999999999947,1.2434988179669098,0.9408983451536838,24.999999999986144,327.3030473705884,5.9923701697556995,22836.24789877028,0.5902053862700511,0
78,35685,35.685,-185.55487051473136,0.39800000000000324,0.4029999999999987,0.4229999999999947,0.9408983451536838,0.9527186761229403,117.9999999999346,249.86158102060674,7.902572363409894,10504.511320082132,0.5176196213589679,0
79,36088,36.088,-58.76141380966253,0.4029999999999987,0.5139999999999958,0.4229999999999947,0.9527186761229403,1.2151300236406672,200.99999999988862,26.957777776682605,0.6732402011397274,1134.291443424576,0.5279484287078555,0
80,36602,36.602,-8.486337385290064,0.5139999999999958,0.40500000000000114,0.4229999999999947,1.2151300236406672,0.957446808510653,117.9999999999346,11.592514066320916,0.31419955137779565,573.9337858860353,0.08310681190680246,0
81,37007,37.007,-146.13327632148966,0.40500000000000114,0.5730000000000004,0.4229999999999947,0.957446808510653,1.354609929078032,41.99999999997672,309.21135603410755,6.540892587571682,21143.365796561302,0.7734028548657708,0
82,37580,37.58,-22.362018991369617,0.5730000000000004,0.3200000000000003,0.4229999999999947,1.354609929078032,0.756501182033107,154.9999999999141,12.482376592047844,0.27506617403105965,1291.1598060046765,0.16343043854810385,0
83,37900,37.9,-135.6626440861194,0.3200000000000003,0.46999999999999886,0.4229999999999947,0.756501182033107,1.1111111111111223,24.999999999986144,308.52969612791196,5.8434766256698545,21495.91897032746,0.7352569625127906,0
84,38370,38.37,-9.745399466646859,0.46999999999999886,0.4239999999999995,0.4229999999999947,1.1111111111111223,1.0023640661938646,24.999999999986144,10.265953126294521,0.29713718800719524,811.3319504814982,0.21088928165434395,0
85,38794,38.794,-141.80843580457432,0.4239999999999995,0.4310000000000045,0.4229999999999947,1.0023640661938646,1.0189125295508508,23.9999999999867,316.32809127529515,5.764859474680947,22291.13242851397,0.719825899146085,0
86,39225,39.225,-210.3589671009558,0.4310000000000045,0.39399999999999835,0.4229999999999947,1.0189125295508508,0.9314420803782584,152.99999999991522,258.5320965227423,7.919045959872833,10321.19556721289,0.5725589960436648,0
87,39619,39.619,-56.50691191126577,0.39399999999999835,0.3620000000000019,0.4229999999999947,0.9314420803782584,0.855791962174956,184.99999999989748,38.69315650148813,0.7867468717919752,1154.998803179258,0.5043651502748773,0
88,39981,39.981,-15.861912314950214,0.3620000000000019,0.5409999999999968,0.4229999999999947,0.855791962174956,1.2789598108747129,125.99999999993017,15.23785149328712,0.46855622268414077,877.2752686640816,0.4165713208263696,0
89,40522,40.522,-141.73215917456963,0.5409999999999968,0.6000000000000014,0.4229999999999947,1.2789598108747129,1.4184397163120779,38.999999999978385,309.23090739659125,6.176725796438486,21095.81649204708,0.7428668375728117,0
90,41122,41.122,-11.749828055844603,0.6000000000000014,0.2909999999999968,0.4229999999999947,1.4184397163120779,0.6879432624113486,205.99999999988583,14.78342137109393,0.4430186387701468,1170.3657860639523,0.019985545038092887,0
91,41413,41.413,-143.71347622260487,0.2909999999999968,0.47800000000000153,0.4229999999999947,0.6879432624113486,1.1300236406619564,23.9999999999867,316.01867830747597,5.869334470551508,22286.696871216936,0.7441795308285017,0
92,41891,41.891,-9.218494768652546,0.47800000000000153,0.4230000000000018,0.4229999999999947,1.1300236406619564,1.0000000000000169,146.99999999991854,17.54138259654465,0.46045175031779617,991.0317972319137,0.18777117819812555,0
93,42314,42.314,-146.57844967506495,0.4230000000000018,0.5069999999999979,0.4229999999999947,1.0000000000000169,1.198581560283698,24.999999999986144,306.17205828709575,5.785543071846991,21359.063369528027,0.7678653840516403,0
94,42821,42.821,-11.86016022284348,0.5069999999999979,0.4160000000000039,0.4229999999999947,1.198581560283698,0.9834515366430475,169.99999999990578,15.900043412697034,0.5105398209341339,802.6116103270436,0.15134447359542685,0
95,43237,43.237,-130.7211213876761,0.4160000000000039,0.4229999999999947,0.4229999999999947,0.9834515366430475,1.0,38.999999999978385,276.81508632620637,5.42768817455715,19095.824961193368,0.7497639007558223,0
96,43660,43.66,-192.51817023873937,0.4229999999999947,0.3760000000000048,0.4229999999999947,1.0,0.8888888888889113,151.99999999991576,252.8808726354316,7.736849535036149,10305.554554963563,0.5560797213177925,0
97,44036,44.036,-55.27646019926283,0.3760000000000048,0.6749999999999972,0.4229999999999947,0.8888888888889113,1.5957446808510771,200.99999999988862,41.216469354730954,1.0774578067524252,1138.707339187358,0.5224678693829702,0
98,44711,44.711,-10.46020207178437,0.6749999999999972,0.3100000000000023,0.4229999999999947,1.5957446808510771,0.7328605200945771,34.9999999999806,18.281466319287833,0.41106312339227996,948.4203167490939,0.0641670999629204,0
99,45021,45.021,-152.75686315337086,0.3100000000000023,0.4239999999999995,0.4229999999999947,0.7328605200945771,1.0023640661938646,24.999999999986144,345.17742554477786,6.373780040209297,23883.505652213422,0.7081948560127826,0
100,45445,45.445,2.2667707594834816,0.4239999999999995,0.5349999999999966,0.4229999999999947,1.0023640661938646,1.2647754137115916,105.99999999994125,14.260504011618249,0.5094060390251443,788.1441417703579,-0.03439450137901771,0
101,45980,45.98,-142.50801409353454,0.5349999999999966,0.5970000000000013,0.4229999999999947,1.2647754137115916,1.4113475177305173,36.999999999979494,295.25559970219535,5.47756141116902,20562.872489225112,0.7599165450323527,0
102,46577,46.577,-12.647024697741246,0.5970000000000013,0.35200000000000387,0.4229999999999947,1.4113475177305173,0.8321513002364261,109.99999999993904,16.714775409484307,0.38938676038890657,763.3547106603731,0.05734735494122545,0
103,46929,46.929,-142.33433837416507,0.35200000000000387,0.9369999999999976,0.4229999999999947,0.8321513002364261,2.215130023640684,35.99999999998005,291.35687812543415,5.515212022035655,20137.830640749457,0.79005905634763,0
104,47866,47.866,-147.3457954947808,0.9369999999999976,0.661999999999999,0.4229999999999947,2.215130023640684,1.5650118203309866,49.99999999997229,317.4870931920743,6.196320193835227,21713.81177134493,0.7573654016330386,0
105,48528,48.528,-8.475355799951842,0.661999999999999,0.31500000000000483,0.4229999999999947,1.5650118203309866,0.7446808510638505,23.9999999999867,15.51218046952734,0.42944956129666045,1050.423954937463,0.03914612351304721,0
106,48843,48.843,-146.39138781126542,0.31500000000000483,0.9939999999999998,0.4229999999999947,0.7446808510638505,2.3498817966903363,24.999999999986144,331.5088693802432,6.020592827482533,23128.999942773356,0.7175980005104207,0
107,49837,49.837,-144.495046461612,0.9939999999999998,0.25,0.4229999999999947,2.3498817966903363,0.5910165484633644,77.99999999995677,302.46890873338475,5.535351043026802,21065.042833178708,0.7614673675806071,0
108,50087,50.087,-16.057672408747447,0.25,0.7249999999999943,0.4229999999999947,0.5910165484633644,1.7139479905437431,58.9999999999673,33.734391886982785,1.1043332335871268,1767.9808524399646,0.1941845351851792,0
109,50812,50.812,-138.5656315216713,0.7249999999999943,0.588000000000001,0.4229999999999947,1.7139479905437431,1.3900709219858352,47.9999999999734,294.282190613696,5.798211275719282,20396.887570890056,0.7799108708817855,0
110,51400,51.4,-16.367743498343366,0.588000000000001,0.4089999999999989,0.4229999999999947,1.3900709219858352,0.9669030732860615,210.99999999988307,13.992859262914719,0.319741729850178,1065.5019019951649,0.160190843814542,0
111,51809,51.809,-145.06081065331117,0.4089999999999989,0.46700000000000585,0.4229999999999947,0.9669030732860615,1.1040189125295785,25.99999999998559,338.5551158034859,6.114987455242767,23363.136370631746,0.7091387170665747,0
112,52276,52.276,-128.25572563716517,0.46700000000000585,0.36699999999999733,0.4229999999999947,1.1040189125295785,0.8676122931442125,79.99999999995566,190.17954749504796,6.123926430070655,7779.964999835783,0.5568267267211247,0
113,52643,52.643,-50.64311471960802,0.36699999999999733,0.4299999999999997,0.4229999999999947,0.8676122931442125,1.0165484633569861,190.99999999989416,41.44017154878194,1.141859466184983,1053.2518607406244,0.5456645445862931,0
114,53073,53.073,-6.756676081690951,0.4299999999999997,0.5420000000000016,0.4229999999999947,1.0165484633569861,1.2813238770685778,97.99999999994569,13.776498295535312,0.4432925520958557,654.344682052793,0.23445562902395936,0
115,53615,53.615,-138.88148609802255,0.5420000000000016,0.25,0.4229999999999947,1.2813238770685778,0.5910165484633644,23.9999999999867,305.59118228839986,6.027819242736021,21213.524102194242,0.7404128663798745,0
116,53865,53.865,-11.833913672012997,0.25,0.2979999999999947,0.4229999999999947,0.5910165484633644,0.7044917257683179,111.99999999993793,52.51809674727813,1.6251988961069,1461.0938263534122,0.045668575606460864,0
117,54163,54.163,-15.686665680733233,0.2979999999999947,0.3780000000000001,0.4229999999999947,0.7044917257683179,0.8936170212766071,83.99999999995345,17.368227133003586,0.5627204831775239,1010.9290240087033,0.07370686439498605,0
118,54541,54.541,-139.9530163862969,0.3780000000000001,0.4930000000000021,0.4229999999999947,0.8936170212766071,1.1654846335697595,38.999999999978385,291.99814988818696,5.816284085252135,20375.8411382417,0.7916030399675392,0
119,55034,55.034,-15.133978751101411,0.4930000000000021,0.4510000000000005,0.4229999999999947,1.1654846335697595,1.0661938534279105,150.99999999991633,17.709153133299047,0.47638126857839924,891.6518861663402,0.3278405652548802,0
120,55485,55.485,-141.06230606982436,0.4510000000000005,0.45700000000000074,0.4229999999999947,1.0661938534279105,1.0803782505910318,24.999999999986144,316.6943301412573,5.8407736253371585,22112.84441616549,0.7173119065322814,0
121,55942,55.942,-11.073318869926519,0.45700000000000074,0.4870000000000019,0.4229999999999947,1.0803782505910318,1.1513002364066383,151.99999999991576,16.789642149764518,0.48878199109515963,938.6820777249827,0.4265416581174371,0
122,56429,56.429,-145.59926672535323,0.4870000000000019,0.5339999999999989,0.4229999999999947,1.1513002364066383,1.2624113475177436,38.999999999978385,296.4562670748278,5.557950956666363,20942.20867516961,0.7857379379006332,0
123,56963,56.963,-11.250938954320517,0.5339999999999989,0.38400000000000034,0.4229999999999947,1.2624113475177436,0.9078014184397285,63.99999999996453,16.022205315617757,0.4325877626876992,1186.639853911406,0.016658575833143372,0
124,57347,57.347,-154.58116813285585,0.38400000000000034,0.2530000000000001,0.4229999999999947,0.9078014184397285,0.598108747044925,42.99999999997617,297.01190691741704,5.792340591210124,20526.811198888325,0.8330234618990418,0
125,57600,57.6,-4.565837957159705,0.2530000000000001,0.3269999999999982,0.4229999999999947,0.598108747044925,0.7730496453900763,64.99999999996398,33.41700761921086,1.1834944470875493,1501.046872083903,-0.08056041006601941,0
126,57927,57.927,-17.534725813205895,0.3269999999999982,0.3500000000000014,0.4229999999999947,0.7730496453900763,0.8274231678487135,116.99999999993516,21.702147742437923,0.4187050192523281,1329.0070580977435,0.08703722121598804,0
127,58277,58.277,-153.2672105481951,0.3500000000000014,0.9499999999999957,0.4229999999999947,0.8274231678487135,2.2458628841607746,72.99999999995954,322.9148505281845,5.998050880586651,22540.666357153452,0.7762621263845333,0
128,59227,59.227,-142.65137470380378,0.9499999999999957,0.25200000000000244,0.4229999999999947,2.2458628841607746,0.595744680851077,25.99999999998559,321.3309959143395,5.846085839903269,22682.14334175371,0.7013675056217211,0
129,59479,59.479,-10.294389959146216,0.25200000000000244,nan,0.4229999999999947,0.595744680851077,nan,82.999999999954,35.479998381356125,1.2696629690753205,1708.552910316299,0.03478841159410584,0
